theory,host,src,F,vbm,cbm,gap
pbesol,CdSe0.06Te0.94,hostBulk,-.59591150E+03,2.0943,2.6929,0.5985
pbesol,CdSe0.12Te0.88,hostBulk,-.59969756E+03,2.0390,2.6142,0.5752
pbesol,CdSe0.20Te0.80,hostBulk,-.60546621E+03,1.9626,2.4949,0.5322
pbesol,CdSe0.25Te0.75,hostBulk,-.61018861E+03,1.8982,2.4059,0.5077
pbesol,CdTe,hostBulk,-.59222338E+03,2.1368,2.7701,0.6333
pbesol,chem_pot,hostBulk,,,,
lib_pbe,Cd0.25Zn0.75Te,libBulk,-.54770647E+03,2.5533,3.4341,0.8808
lib_pbe,Cd0.50Zn0.50Te,libBulk,-.53721408E+03,2.3029,3.0440,0.7411
lib_pbe,Cd0.75Zn0.25Te,libBulk,-.52775381E+03,2.0418,2.6841,0.6423
lib_pbe,CdSe,libBulk,-.59339793E+03,0.5199,1.0091,0.4892
lib_pbe,CdSe0.06Te0.94,libBulk,-.52270687E+03,1.7313,2.2692,0.5379
lib_pbe,CdSe0.12Te0.88,libBulk,-.52652283E+03,1.6767,2.1962,0.5194
lib_pbe,CdSe0.20Te0.80,libBulk,-.53223628E+03,1.6074,2.0959,0.4884
lib_pbe,CdSe0.25Te0.75,libBulk,-.53603100E+03,1.5510,2.0175,0.4664
lib_pbe,CdSe0.50Te0.50,libBulk,-.55385095E+03,1.2868,1.6695,0.3827
lib_pbe,CdSe0.75Te0.25,libBulk,-.57300015E+03,0.9401,1.3342,0.3941
lib_pbe,CdTe,libBulk,-.51908109E+03,1.7661,2.3323,0.5662
lib_pbe,ZnTe,libBulk,-.55945888E+03,2.8173,3.8755,1.0582
lib_pbesol,Cd0.25Zn0.75Te,libBulk,-.62492771E+03,2.9446,3.9588,1.0142
lib_pbesol,Cd0.50Zn0.50Te,libBulk,-.61313508E+03,2.6813,3.5292,0.8479
lib_pbesol,Cd0.75Zn0.25Te,libBulk,-.60230364E+03,2.4153,3.1468,0.7315
lib_pbesol,CdSe,libBulk,-.66645895E+03,0.7442,1.2044,0.4602
lib_pbesol,CdSe0.06Te0.94,libBulk,-.59582973E+03,2.1034,2.7022,0.5988
lib_pbesol,CdSe0.12Te0.88,libBulk,-.59964902E+03,2.0470,2.6227,0.5758
lib_pbesol,CdSe0.20Te0.80,libBulk,-.60540814E+03,1.9666,2.4983,0.5316
lib_pbesol,CdSe0.25Te0.75,libBulk,-.60917274E+03,1.9031,2.4060,0.5029
lib_pbesol,CdSe0.50Te0.50,libBulk,-.62698929E+03,1.6157,2.0095,0.3938
lib_pbesol,CdSe0.75Te0.25,libBulk,-.64616561E+03,1.2445,1.6398,0.3952
lib_pbesol,CdTe,libBulk,-.59211621E+03,2.1401,2.7736,0.6336
lib_pbesol,ZnTe,libBulk,-.63766868E+03,3.1846,4.3905,1.2058
lib_hse,Cd0.25Zn0.75Te,libBulk,,,,
lib_hse,Cd0.50Zn0.50Te,libBulk,,,,
lib_hse,Cd0.75Zn0.25Te,libBulk,,,,
lib_hse,CdSe,libBulk,-.79220322E+03,0.2745,1.7058,1.4313
lib_hse,CdSe0.06Te0.94,libBulk,-.70896146E+03,1.7118,3.1163,1.4045
lib_hse,CdSe0.12Te0.88,libBulk,,,,
lib_hse,CdSe0.20Te0.80,libBulk,,,,
lib_hse,CdSe0.25Te0.75,libBulk,,,,
lib_hse,CdSe0.50Te0.50,libBulk,-.74570177E+03,1.2140,2.4680,1.2540
lib_hse,CdSe0.75Te0.25,libBulk,-.76820677E+03,0.8135,2.1104,1.2969
lib_hse,CdTe,libBulk,-.70451326E+03,1.7900,3.2367,1.4467
lib_hse,ZnTe,libBulk,-.75014706E+03,2.7332,4.8462,2.1130
lib_hse_no_ps,Cd0.25Zn0.75Te,libBulk,-.68489159E+03,2.2480,4.0985,1.8505
lib_hse_no_ps,Cd0.50Zn0.50Te,libBulk,-.67366654E+03,2.0067,3.6791,1.6724
lib_hse_no_ps,Cd0.75Zn0.25Te,libBulk,,,,
lib_hse_no_ps,CdSe,libBulk,-.74147792E+03,0.0886,1.5771,1.4885
lib_hse_no_ps,CdSe0.06Te0.94,libBulk,,,,
lib_hse_no_ps,CdSe0.12Te0.88,libBulk,-.66279848E+03,1.4053,2.8057,1.4005
lib_hse_no_ps,CdSe0.20Te0.80,libBulk,-.66959422E+03,1.3336,2.7071,1.3735
lib_hse_no_ps,CdSe0.25Te0.75,libBulk,,,,
lib_hse_no_ps,CdSe0.50Te0.50,libBulk,-.69509409E+03,0.9901,2.2836,1.2935
lib_hse_no_ps,CdSe0.75Te0.25,libBulk,-.71757044E+03,0.6067,1.9515,1.3448
lib_hse_no_ps,CdTe,libBulk,-.65366935E+03,1.4432,2.8597,1.4165
lib_hse_no_ps,ZnTe,libBulk,-.69739267E+03,2.4047,4.4241,2.0193
lib_hse_soc,CdSe,libBulk,-.82975525E+03,0.2716,1.8034,1.5318
lib_hse_soc,CdSe0.06Te0.94,libBulk,-.75345375E+03,1.8665,3.1903,1.3238
lib_hse_soc,CdSe0.12Te0.88,libBulk,-.75751221E+03,1.8089,3.1208,1.3119
lib_hse_soc,CdSe0.20Te0.80,libBulk,-.76387350E+03,1.7076,3.0085,1.3009
lib_hse_soc,CdSe0.25Te0.75,libBulk,-.76794423E+03,1.6398,2.9204,1.2806
lib_hse_soc,CdSe0.50Te0.50,libBulk,-.78707142E+03,1.3097,2.5538,1.2441
lib_hse_soc,CdSe0.75Te0.25,libBulk,-.80775908E+03,0.8668,2.2030,1.3362
lib_hse_soc,CdTe,libBulk,-.74949675E+03,1.9576,3.3090,1.3514
